provider,page_id,f1,f1_at_50,precision,recall,inverted_pairs,order_accuracy,support_union_coverage_all_reference,column_pair_accuracy,column_pair_coverage,within_inverted,cross_inverted,catastrophic_omissions
paddle,brisson-le-meme-pdf013,0.9863013698630136,0.9863013698630136,0.972972972972973,1.0,0,1.0,0.4540736737243102,1.0,1.0,0,0,0
paddle,brisson-le-meme-pdf030,0.898876404494382,0.8202247191011236,0.963855421686747,0.8421052631578947,414,0.8689873417721519,0.806104236757066,0.7044303797468354,0.7716727716727717,0,414,1
paddle,brisson-le-meme-pdf110,0.9876543209876543,0.9629629629629629,1.0,0.975609756097561,440,0.8607594936708861,0.9213849563943296,0.6789473684210526,0.949050949050949,0,364,0
paddle,brisson-le-meme-pdf170,0.9378531073446328,0.9152542372881356,0.9651162790697675,0.9120879120879121,740,0.7825448133999412,0.8836530701486277,0.6046738072054528,0.8235765838011226,0,657,0
paddle,burnet-platonis-opera-pdf0050,0.9069767441860465,0.8604651162790697,0.9285714285714286,0.8863636363636364,4,0.9946018893387314,0.7662398571988036,1.0,1.0,0,0,0
paddle,burnet-platonis-opera-pdf0300,0.9318181818181818,0.8636363636363636,0.9318181818181818,0.9318181818181818,5,0.9939024390243902,0.8300424182806796,1.0,1.0,0,0,0
paddle,burnet-platonis-opera-pdf1100,0.925,0.925,1.0,0.8604651162790697,0,1.0,0.7681928340637919,1.0,1.0,0,0,0
paddle,burnet-platonis-opera-pdf1400,0.891566265060241,0.8674698795180723,1.0,0.8043478260869565,1,0.9984984984984985,0.7435803074475934,1.0,1.0,0,0,0
paddle,dillon-phronesis29-pdf004,1.0,1.0,1.0,1.0,0,1.0,0.9221413245063504,1.0,1.0,0,0,0
paddle,dillon-phronesis29-pdf005,1.0,0.9761904761904762,1.0,1.0,0,1.0,0.8913984141967509,1.0,1.0,0,0,0
paddle,dillon-phronesis29-pdf006,1.0,1.0,1.0,1.0,0,1.0,0.9010218503355875,1.0,1.0,0,0,0
paddle,menn-metaphysics-pdf288,1.0,1.0,1.0,1.0,0,1.0,0.9188957258338835,1.0,1.0,0,0,0
paddle,menn-metaphysics-pdf414,1.0,1.0,1.0,1.0,0,1.0,0.9388820330871143,1.0,1.0,0,0,0
paddle,menn-metaphysics-pdf577,1.0,1.0,1.0,1.0,0,1.0,0.9351213886211764,1.0,1.0,0,0,0
paddle,menn-metaphysics-pdf925,1.0,1.0,1.0,1.0,0,1.0,0.9422253999848418,1.0,1.0,0,0,0
paddle,primavesi-zwei-elementen-pdf011,0.9655172413793104,0.9655172413793104,1.0,0.9333333333333333,0,1.0,0.854338692317361,1.0,0.9080841638981174,0,0,0
paddle,primavesi-zwei-elementen-pdf012,0.987012987012987,0.987012987012987,1.0,0.9743589743589743,0,1.0,0.9212403649915473,1.0,0.9459459459459459,0,0,0
paddle,primavesi-zwei-elementen-pdf013,0.9722222222222222,0.9722222222222222,1.0,0.9459459459459459,0,1.0,0.8817618551332487,1.0,0.9428571428571428,0,0,0
paddle,primavesi-zwei-elementen-pdf014,0.9574468085106383,0.9574468085106383,1.0,0.9183673469387755,0,1.0,0.8647997066134001,1.0,0.8353376503237743,0,0,0
paddle,primavesi-zwei-elementen-pdf015,0.9615384615384616,0.9423076923076923,0.9803921568627451,0.9433962264150944,3,0.9975510204081632,0.9050793092821248,1.0,0.9223529411764706,3,0,0
paddle,primavesi-zwei-elementen-pdf016,0.9795918367346939,0.9795918367346939,1.0,0.96,3,0.9973404255319149,0.9180241042289584,1.0,0.9175531914893617,2,0,0
paddle,primavesi-zwei-elementen-pdf079,0.963855421686747,0.9397590361445783,1.0,0.9302325581395349,8,0.9897435897435898,0.8652079060980741,0.9554655870445344,0.9036585365853659,3,5,0
paddle,ueberweg-kraemer-pdf100,0.9876543209876543,0.9135802469135802,0.975609756097561,1.0,0,1.0,0.9113637619779293,1.0,1.0,0,0,0
paddle,ueberweg-kraemer-pdf143,1.0,0.9607843137254902,1.0,1.0,1,0.9998058629392351,0.9482874729564662,1.0,1.0,0,0,0
paddle,ueberweg-kraemer-pdf145,0.990990990990991,0.972972972972973,0.990990990990991,0.990990990990991,1,0.9998331943286072,0.9257744958041596,1.0,0.981651376146789,0,0,0
surya,brisson-le-meme-pdf013,1.0,1.0,1.0,1.0,0,1.0,0.8979168156693501,1.0,1.0,0,0,0
surya,brisson-le-meme-pdf030,0.9947089947089947,0.9841269841269841,1.0,0.9894736842105263,0,1.0,0.9171727930040859,1.0,1.0,0,0,0
surya,brisson-le-meme-pdf110,1.0,1.0,1.0,1.0,1,0.9996988858777477,0.9070986832146046,1.0,1.0,0,0,0
surya,brisson-le-meme-pdf170,1.0,1.0,1.0,1.0,1,0.9997557997557998,0.897613031838558,1.0,1.0,0,0,0
surya,burnet-platonis-opera-pdf0050,0.9523809523809523,0.8571428571428571,1.0,0.9090909090909091,5,0.9935897435897436,0.7409791367308292,1.0,1.0,0,0,0
surya,burnet-platonis-opera-pdf0300,0.9545454545454546,0.7954545454545454,0.9545454545454546,0.9545454545454546,7,0.991869918699187,0.8096923767226336,1.0,1.0,0,0,0
surya,burnet-platonis-opera-pdf1100,0.8780487804878049,0.8048780487804879,0.9230769230769231,0.8372093023255814,0,1.0,0.7184625133945376,1.0,0.7754010695187166,0,0,0
surya,burnet-platonis-opera-pdf1400,0.9545454545454546,0.7727272727272727,1.0,0.9130434782608695,0,1.0,0.8300164097814318,1.0,0.8873949579831932,0,0,0
surya,dillon-phronesis29-pdf004,1.0,1.0,1.0,1.0,0,1.0,0.8744438283342746,1.0,1.0,0,0,0
surya,dillon-phronesis29-pdf005,1.0,1.0,1.0,1.0,0,1.0,0.853299142755384,1.0,1.0,0,0,0
surya,dillon-phronesis29-pdf006,1.0,1.0,1.0,1.0,0,1.0,0.8617545231612389,1.0,1.0,0,0,0
surya,menn-metaphysics-pdf288,1.0,1.0,1.0,1.0,0,1.0,0.8137885420754231,1.0,1.0,0,0,0
surya,menn-metaphysics-pdf414,1.0,1.0,1.0,1.0,0,1.0,0.8991459719366574,1.0,1.0,0,0,0
surya,menn-metaphysics-pdf577,1.0,1.0,1.0,1.0,0,1.0,0.8849316138580694,1.0,1.0,0,0,0
surya,menn-metaphysics-pdf925,1.0,1.0,1.0,1.0,0,1.0,0.8742758784226259,1.0,1.0,0,0,0
surya,primavesi-zwei-elementen-pdf011,0.967032967032967,0.967032967032967,0.9565217391304348,0.9777777777777777,2,0.9978858350951374,0.868879910621871,1.0,1.0,2,0,0
surya,primavesi-zwei-elementen-pdf012,0.987012987012987,0.987012987012987,1.0,0.9743589743589743,1,0.9985775248933144,0.8802418188047104,1.0,0.9459459459459459,0,0,0
surya,primavesi-zwei-elementen-pdf013,0.9722222222222222,0.9722222222222222,1.0,0.9459459459459459,0,1.0,0.8502955918352871,1.0,0.9428571428571428,0,0,0
surya,primavesi-zwei-elementen-pdf014,0.9574468085106383,0.9574468085106383,1.0,0.9183673469387755,1,0.998989898989899,0.8253243158559972,1.0,0.8353376503237743,0,0,0
surya,primavesi-zwei-elementen-pdf015,0.9615384615384616,0.9615384615384616,0.9803921568627451,0.9433962264150944,3,0.9975510204081632,0.8530503539822509,1.0,0.9223529411764706,3,0,0
surya,primavesi-zwei-elementen-pdf016,0.98989898989899,0.98989898989899,1.0,0.98,4,0.9965986394557823,0.877059652237516,1.0,0.9583333333333334,3,0,0
surya,primavesi-zwei-elementen-pdf079,0.9761904761904762,0.9761904761904762,1.0,0.9534883720930233,0,1.0,0.8645179379558855,0.9141025641025641,0.9512195121951219,0,0,0
surya,ueberweg-kraemer-pdf100,0.8089887640449438,0.7640449438202247,0.7346938775510204,0.9,0,1.0,0.8050477098838986,1.0,0.8076923076923077,0,0,0
surya,ueberweg-kraemer-pdf143,0.892018779342723,0.8262910798122066,0.8558558558558559,0.9313725490196079,1,0.9997760358342666,0.8693519733095136,1.0,0.8642424242424243,0,0,0
surya,ueberweg-kraemer-pdf145,0.9819819819819819,0.9279279279279279,0.9819819819819819,0.9819819819819819,1,0.9998301053346925,0.9002070199020926,1.0,0.9634726469588855,0,0,0
