page_id,raw_boxes_old,raw_boxes_new,raw_coordinates_polygons_equal,full_raw_payload_equal,max_confidence_delta_for_equal_boxes,final_geometry_fields_equal,final_geometry_except_confidence_equal,logical_lines_equal,old_arm_reproduces_repaired_baseline,changed_geometry_fields
brisson-le-meme-pdf013,66,66,True,True,0.0,True,True,True,True,[]
brisson-le-meme-pdf030,95,95,True,True,0.0,True,True,True,True,[]
brisson-le-meme-pdf110,82,82,True,True,0.0,True,True,True,True,[]
brisson-le-meme-pdf170,91,91,True,True,0.0,True,True,True,True,[]
burnet-platonis-opera-pdf0050,36,36,True,True,0.0,True,True,True,True,[]
burnet-platonis-opera-pdf0300,41,41,True,True,0.0,True,True,True,True,[]
burnet-platonis-opera-pdf1100,37,37,True,True,0.0,True,True,True,True,[]
burnet-platonis-opera-pdf1400,35,35,True,True,0.0,True,True,True,True,[]
dillon-phronesis29-pdf004,42,42,True,True,0.0,True,True,True,True,[]
dillon-phronesis29-pdf005,42,42,True,True,0.0,True,True,True,True,[]
dillon-phronesis29-pdf006,42,42,True,True,0.0,True,True,True,True,[]
menn-metaphysics-pdf288,45,45,True,True,0.0,True,True,True,True,[]
menn-metaphysics-pdf414,53,53,True,True,0.0,True,True,True,True,[]
menn-metaphysics-pdf577,52,52,True,True,0.0,True,True,True,True,[]
menn-metaphysics-pdf925,52,52,True,True,0.0,True,True,True,True,[]
primavesi-zwei-elementen-pdf011,44,44,True,True,0.0,True,True,True,True,[]
primavesi-zwei-elementen-pdf012,39,39,True,True,0.0,True,True,True,True,[]
primavesi-zwei-elementen-pdf013,36,36,True,True,0.0,True,True,True,True,[]
primavesi-zwei-elementen-pdf014,48,48,True,True,0.0,True,True,True,True,[]
primavesi-zwei-elementen-pdf015,51,51,True,True,0.0,True,True,True,True,[]
primavesi-zwei-elementen-pdf016,50,50,True,True,0.0,True,True,True,True,[]
primavesi-zwei-elementen-pdf079,41,41,True,True,0.0,True,True,True,True,[]
ueberweg-kraemer-pdf100,51,51,True,True,0.0,True,True,True,True,[]
ueberweg-kraemer-pdf143,119,119,True,True,0.0,True,True,True,True,[]
ueberweg-kraemer-pdf145,117,117,True,True,0.0,True,True,True,True,[]
